GrLivArea,BedroomAbvGr,FullBath,HalfBath,Predicted_SalePrice
896,2,1,0,121423.03098489474
1329,3,1,1,143380.87062201148
1629,3,2,1,204748.66887361035
1604,3,2,1,202205.3547252659
1280,2,2,0,191336.3647749309
1655,3,2,1,207393.71558788858
1187,3,2,0,155171.22146729135
1465,3,2,1,188064.52806047085
1341,2,1,1,171305.67608901503
882,2,1,0,119998.77506182184
1337,2,2,0,197135.12103315623
987,2,1,1,135292.34774845777
1092,3,1,1,119270.25249570621
1456,3,2,1,187148.93496706683
836,2,1,0,115319.07702886808
2334,3,2,1,276470.1278569235
1544,3,2,0,191489.74750564998
1698,3,2,0,207156.5626594517
1822,3,2,0,219771.40083524014
2696,3,2,1,313297.31672495103
2250,3,2,1,267924.5923184862
1370,2,2,0,200492.2957089709
1324,3,2,0,169108.5830002189
1145,2,2,0,177602.4683738709
1374,3,2,1,178806.86456049705
1733,3,2,1,215328.8557307232
2475,4,2,1,264110.404977788
1595,2,2,0,223382.12304407085
1218,2,2,0,185028.94568703667
1468,2,2,0,210462.0871704811
1659,3,2,1,207800.6458516237
1012,2,1,0,133224.0086332129
1494,3,2,0,186403.11920896108
2349,4,2,1,251292.101670132
2225,4,2,1,238677.26349434358
1488,2,2,0,212496.73848915665
1680,2,2,1,236641.04441203122
1200,2,2,1,187809.41276381796
1200,2,2,1,187809.41276381796
1236,2,2,1,191471.78513743397
1512,2,2,1,219549.97333515657
1080,2,2,1,175601.50485176465
1418,1,1,1,205843.09834171413
1848,3,2,1,227028.10081310765
1492,3,2,0,186199.65407709352
1829,4,2,0,193779.51412097836
2495,4,2,1,266145.0562964636
1891,3,3,0,257638.97635613632
1645,4,1,2,153436.0000448763
1232,3,1,1,133512.8117264351
1209,3,1,0,126561.30944636889
1510,3,2,0,188030.84026390154
1775,3,2,0,214989.9702363526
1728,6,2,0,130096.49561007041
2461,3,2,0,284778.510466924
1556,3,2,0,192710.5382968553
1128,2,1,0,145024.98628153114
1604,4,2,0,170889.6867858784
1480,3,2,0,184978.8632858882
1143,3,1,0,119846.96009473957
1206,3,1,0,126256.11174856755
1580,3,1,1,168915.7446713897
1337,3,1,0,139583.07788589245
1064,2,1,0,138514.10206176937
972,3,1,0,102450.69132006362
988,2,1,0,130782.42705080227
985,2,1,0,130477.22935300093
1224,3,1,0,128087.29793537557
1175,3,1,1,127714.05546820974
1395,2,1,0,172187.58138584974
1844,3,1,0,191161.48881431768
936,2,1,0,125492.33362224583
1347,3,1,0,140600.40354523022
1251,3,1,0,130834.07721558755
1633,3,1,0,169695.9174022906
1245,3,1,0,130223.6818199849
832,2,1,0,114912.14676513296
1566,3,2,0,193727.86395619306
2268,3,3,0,295992.1537131705
2256,4,2,0,237219.3197747014
1470,2,1,1,184429.17709447234
1612,3,1,1,172171.18678127055
2068,3,1,1,218561.23684707316
765,2,1,0,108096.06484756987
1132,2,1,0,145431.91654526623
1196,3,1,1,129850.43935281907
1453,3,1,1,155995.70879779995
1416,3,1,1,152231.60385825014
1040,2,1,0,136072.5204793587
1536,4,2,0,163971.87230238153
1068,2,1,0,138921.03232550446
1962,4,1,1,181073.57018229453
1560,3,1,1,166881.09335271415
1324,3,1,0,138260.55452875333
1675,3,2,0,204816.71364297482
1224,3,1,1,132698.95119896485
1392,3,1,0,145178.36901225022
919,3,1,0,97058.8653255734
1884,4,1,1,173138.43003945984
1680,2,2,0,232029.39114844194
1832,4,2,0,194084.7118187797
892,3,1,0,94312.0860453614
864,2,1,0,118167.58887501385
1373,3,1,0,143245.45025950842
1440,4,1,1,127969.1707648626
1483,1,1,1,212455.71512740967
756,2,1,0,107180.47175416586
1981,4,2,1,213854.51740650184
1610,4,2,0,171500.08218148106
1074,3,1,0,112827.41304530893
1531,3,1,0,159319.1956770453
1172,3,1,0,122797.20450681914
1508,1,1,0,210387.37601216484
1298,3,2,0,166463.53628594067
1433,1,1,1,207369.0868307208
1802,3,2,1,222348.40278015388
1222,2,2,0,185435.8759507718
1445,3,2,0,181418.223478206
965,2,1,0,128442.57803432539
1692,3,2,1,211157.82052743834
1026,3,1,1,112555.90314407689
876,3,1,0,92684.36499042096
1978,3,2,1,240253.33438449868
2098,4,2,1,225757.22762075384
848,1,1,0,143243.88249587163
640,2,1,0,95379.49410584767
992,3,1,0,104485.34263873915
1196,3,1,0,125238.78608922978
1120,2,1,0,144211.1257540609
1096,3,1,0,115065.52949585204
960,3,1,0,101229.90052885828
1296,2,2,0,192964.08582987133
856,2,1,0,117353.72834754363
2650,6,3,0,254741.94987247893
1666,3,1,0,173053.09207810526
2133,4,1,1,198469.83895697046
2177,5,2,1,207090.085653724
1652,3,2,1,207088.51789008724
1034,1,1,0,162166.13975955424
1191,2,2,0,182282.1664068247
540,1,1,0,111910.25218826812
1107,2,1,0,142888.6023969218
952,3,1,0,100416.04000138806
1646,2,2,0,228570.4839066935
1916,3,2,1,233945.91529660454
1285,3,2,0,165141.01292880156
2048,5,3,0,220202.959856143
1346,3,2,0,171346.699450762
1214,2,2,0,184622.01542330158
1444,3,2,1,185928.14417586153
1264,2,1,0,158860.61524852487
1430,3,2,0,179892.23498919932
1344,3,2,0,171143.23431889445
945,2,1,0,126407.92671564984
1092,3,1,1,119270.25249570621
1092,3,1,1,119270.25249570621
1092,3,1,1,119270.25249570621
874,3,1,0,92480.89985855341
833,2,1,0,115013.87933106674
2432,4,4,2,326043.614849156
1274,3,1,1,137785.57949565374
1479,5,2,0,131469.101368358
1803,3,2,1,222450.13534608766
1797,3,2,1,221839.73995048497
882,2,1,0,119998.77506182184
1434,4,2,0,153595.15057713623
1608,3,2,1,202612.28498900103
2283,4,2,1,244577.75231850267
1628,3,2,1,204646.93630767657
2522,1,2,0,344392.22634048085
1478,2,2,0,211479.41282981887
1734,2,2,0,237522.94970886593
1382,3,2,1,179620.7250879673
1636,3,2,1,205460.79683514682
1516,3,2,1,193252.88892309347
1190,3,2,0,155476.4191650927
1934,3,2,1,235777.10148341252
2050,4,2,1,220874.0644559325
1671,3,2,0,204409.78337923973
2673,4,2,1,284253.453032676
1707,3,2,0,208072.1557528557
1884,3,2,1,230690.47318672363
1874,3,2,1,229673.14752738588
1811,3,2,1,223263.9958735579
1621,3,2,0,199323.15508255083
1116,3,2,0,147948.20928599316
1193,3,2,0,155781.61686289404
1180,2,1,1,154926.73297367684
1050,3,1,1,114997.48472648756
864,3,1,0,91463.57419921564
864,3,1,0,91463.57419921564
987,2,1,1,135292.34774845777
987,2,1,1,135292.34774845777
1548,3,2,1,196508.33103297438
1055,2,2,0,168446.53743983092
1456,3,2,1,187148.93496706683
1548,3,2,1,196508.33103297438
1456,3,2,1,187148.93496706683
836,2,1,0,115319.07702886808
1120,3,1,0,117507.11107826268
2772,4,3,1,325173.00553158554
2690,3,2,1,312686.92132934835
2020,3,2,0,239914.44889012811
2674,2,2,1,337763.2149502062
1736,3,2,0,211022.40016493527
1782,3,2,0,215702.09819788905
2520,5,2,1,241984.3557690097
1743,3,2,0,211734.5281264717
1531,2,2,0,216871.23882430908
1808,3,2,0,218347.14491216725
1760,3,2,0,213463.98174734594
2452,3,2,0,283862.91737352003
2400,4,3,1,287328.4910042202
1606,3,2,0,197797.16659354419
1358,2,2,0,199271.50491776556
1306,1,2,0,220685.42616500732
1358,2,2,0,199271.50491776556
2492,2,2,1,319247.8879502587
2200,3,2,1,262837.9640217973
1884,2,2,0,252782.83459893256
1456,2,2,0,209241.29637927577
1712,3,2,0,208580.8185825246
1405,2,2,0,204052.9355166531
1456,3,2,1,187148.93496706683
1490,3,2,1,190607.84220881524
1220,2,2,0,185232.41081890423
1374,3,2,1,178806.86456049705
1630,3,2,1,204850.40143954413
1594,3,2,1,201188.02906592816
1489,3,2,1,190506.10964288152
1342,3,2,1,175551.4224506162
2004,4,2,1,216194.36642297872
1374,3,2,1,178806.86456049705
1514,3,2,1,193049.4237912259
1430,3,2,1,184503.8882527886
2312,4,2,1,247527.99673058224
1430,3,2,1,184503.8882527886
2687,4,2,1,285677.7089557488
2063,3,2,0,244288.94922528055
2061,3,2,1,248697.13735700227
2232,3,2,1,266093.40613167826
1696,3,2,0,206953.09752758415
1658,3,2,1,207698.91328568992
1702,3,2,0,207563.49292318683
1432,3,2,0,180095.70012106688
2490,2,2,0,314432.76955480175
1436,3,2,0,180502.63038480197
1402,3,2,0,177043.72314305356
1530,3,2,0,190065.4915825771
1448,2,2,0,208427.43585180552
1795,3,2,1,221636.2748186174
1836,3,2,0,221195.65675831304
1662,3,2,0,203494.19028583574
1553,3,2,0,192405.34059905398
1653,3,2,1,207190.25045602102
1218,3,1,1,132088.55580336216
1141,3,1,1,124255.1482264613
1158,3,1,1,125984.60184733554
1812,3,2,1,223365.72843949168
1512,3,2,0,188234.30539576907
1114,3,1,1,121508.36894624932
1114,3,1,1,121508.36894624932
1114,3,2,0,147744.7441541256
1450,2,2,0,208630.90098367308
2122,4,2,1,228198.8092031645
1730,3,2,1,215023.65803292187
1332,2,2,0,196626.45820348733
1540,3,2,1,195694.47050550414
1400,3,2,1,181451.91127477528
1882,4,2,0,199171.34011546857
980,3,1,0,103264.55184753383
864,3,1,0,91463.57419921564
864,2,1,0,118167.58887501385
1020,3,2,0,138181.8829563505
912,3,1,0,96346.73736403696
912,3,1,0,96346.73736403696
2014,2,2,0,266008.0681703236
1755,3,2,1,217566.97218126632
3005,3,2,1,344732.67959848826
1726,2,2,1,241320.742444985
1256,1,1,1,189362.42266044216
1512,2,2,1,219549.97333515657
1452,3,2,1,186742.0047033317
1694,2,2,0,233453.64707151483
1740,2,1,1,211896.9698965923
2499,4,2,1,266551.9865601986
2067,3,2,1,249307.5327526049
2640,5,2,1,254192.26368106305
1336,3,2,0,170329.37379142424
1216,3,1,0,127273.43740790535
2288,4,1,2,218850.03994029525
864,2,1,0,118167.58887501385
1568,3,1,1,167694.95388018433
2061,4,2,1,221993.12268120408
1320,3,2,0,168701.65273648378
894,2,1,0,121219.56585302718
864,3,1,0,91463.57419921564
1362,3,1,0,142126.39203423687
1728,3,2,0,210208.53963746506
1313,3,1,1,141753.14956707106
1292,3,1,1,139616.76568246173
2140,4,2,1,230029.9953899725
1576,4,1,0,137193.14646826708
960,2,1,0,127933.9152046565
1691,2,1,0,202300.42090224792
1453,3,2,0,182232.0840056762
1567,2,2,0,220533.61119792506
1144,3,1,0,119948.69266067335
1329,3,1,1,143380.87062201148
988,3,2,0,134926.44084646963
1202,3,1,0,125849.18148483246
1382,3,1,0,144161.0433529124
1200,3,1,0,125645.7163529649
1866,4,2,0,197543.61906052814
1062,3,1,0,111606.6222541036
1112,2,1,0,143397.26522659068
793,2,1,0,110944.57669371564
1031,2,1,0,135156.9273859547
1210,2,1,1,157978.70995169017
1527,3,1,1,163523.91867689946
1200,3,1,0,125645.7163529649
792,2,1,0,110842.84412778186
1352,4,2,0,145253.08017056645
1039,2,1,0,135970.78791342492
1078,3,1,0,113234.34330904402
2377,3,2,0,276232.9749284867
1690,4,2,0,179638.68745618328
599,2,1,0,91208.45890256278
846,2,1,0,116336.40268820585
725,1,1,1,135342.43014960625
2544,6,2,2,222333.57593921147
1380,3,1,1,148569.23148463416
1040,3,1,0,109368.50580356049
951,2,1,0,127018.32211125249
1105,3,1,0,115981.12258925603
1142,2,1,0,146449.242204604
1133,3,1,0,118829.6344354018
1041,3,1,0,109470.23836949427
732,2,1,0,104738.8901717552
1183,3,1,0,123916.26273209069
1461,4,2,0,156341.9298573482
1495,3,1,0,155656.8233034293
1806,4,1,1,165203.2898966252
941,2,1,0,126000.99645191472
1045,3,1,0,109877.16863322936
1378,3,1,0,143754.11308917732
1944,4,2,0,205478.7592033628
1306,3,1,1,141041.0216055346
1464,3,2,0,183351.14223094776
1558,3,1,1,166677.6282208466
1701,4,2,0,180757.74568145483
1447,3,1,0,150773.66013860796
1328,3,1,1,143279.1380560777
861,2,1,0,117862.39117721251
612,1,1,0,119234.99693550011
792,2,1,0,110842.84412778186
1510,3,2,0,188030.84026390154
2007,3,2,0,238591.92553298897
1288,3,1,0,134598.18215513733
816,2,1,0,113284.42571019252
1480,3,1,0,154130.83481442262
1521,4,1,0,131597.8553419093
797,2,1,0,111351.50695745075
1432,3,1,0,149247.6716496013
1654,3,2,0,202680.3297583655
1142,3,1,0,119745.22752880579
995,2,1,0,131494.5550123387
1582,3,2,0,195355.58501113352
1072,2,1,0,139327.96258923959
1768,3,2,0,214277.84227481615
1944,3,2,0,232182.77387916102
2128,4,2,0,224197.55133517788
1930,4,2,0,204054.5032802899
1427,3,1,0,148739.0088199324
1864,6,2,1,148543.77784065343
1666,3,1,0,173053.09207810526
892,1,1,0,147720.11539695784
1403,3,1,1,150909.08050111105
704,2,1,0,101890.37832560943
1200,3,3,0,187341.77329589604
1152,2,2,0,178314.59633540735
1112,4,2,0,120837.26434645982
1052,3,1,1,115200.94985835512
1034,3,1,0,108758.1104079578
1774,4,2,0,188184.2229946206
1138,3,1,0,119338.2972650707
2071,4,1,1,192162.41986907626
660,2,1,0,97414.14542452322
1383,2,1,0,170966.7905946444
1073,2,1,0,139429.69515517337
1639,3,1,1,174917.96606148256
1089,3,1,0,114353.40153431558
1049,2,2,0,167836.14204422827
1061,1,1,1,169524.57230335553
1338,2,1,1,171000.47839121372
1879,3,2,1,230181.81035705478
2016,4,1,0,181955.4754791292
2228,6,2,0,180962.7785769592
1535,4,2,0,163870.13973644775
1229,2,0,2,133675.25349655567
1513,4,2,0,161632.02328590464
2787,6,4,2,308750.6464040506
2787,6,4,2,308750.6464040506
2787,6,4,2,308750.6464040506
1680,1,1,1,232497.03061636386
1720,3,2,0,209394.67910999482
1468,3,2,0,183758.07249468289
1838,3,2,0,221399.12189018057
1290,2,2,0,192353.69043426868
1254,2,2,0,188691.31806065267
1498,3,2,0,186810.0494726962
1422,3,2,1,183690.0277253184
1759,3,2,1,217973.90244500144
990,3,1,0,104281.87750687159
1463,3,2,0,183249.40966501398
1772,3,2,1,219296.42580214053
1444,3,2,0,181316.49091227222
1492,3,2,0,186199.65407709352
907,3,1,0,95838.07453436808
914,2,1,0,123254.21717170272
1611,3,2,0,198305.82942321306
2184,4,2,1,234506.2282910587
1725,3,2,1,214514.99520325303
1870,3,2,1,229266.21726365076
1513,2,2,0,215040.05263750107
1828,3,2,0,220381.7962308428
1417,3,2,0,178569.7116320602
1602,3,2,0,197390.23632980906
1396,3,2,1,181044.98101104016
1149,3,1,0,120457.35549034225
1072,2,1,0,139327.96258923959
876,3,1,0,92684.36499042096
1368,3,1,0,142736.78742983955
1678,6,2,0,125009.86731338152
1560,2,1,0,188973.45476492305
1298,3,1,0,135615.5078144751
1268,3,1,1,137175.18410005106
1242,3,1,1,134530.13738577283
1232,3,1,0,128901.15846284578
1228,3,1,0,128494.22819911066
1567,2,1,1,194297.23599004876
1273,2,1,0,159776.20834192887
2480,5,2,1,237915.0531316586
1112,2,1,0,143397.26522659068
1561,3,2,0,193219.2011265242
1523,3,2,0,189353.36362104063
1906,3,1,1,202080.56116580116
1032,2,1,0,135258.6599518885
1229,2,1,1,159911.62870443193
1229,2,1,1,159911.62870443193
1982,3,2,1,240660.2646482338
2365,3,2,0,275012.1841372814
2168,5,2,0,201562.83929673076
572,2,1,0,88461.67962235078
1648,2,2,0,228773.94903856106
810,1,1,0,139378.04499038807
2052,3,2,1,247781.54426359825
926,2,1,0,124475.00796290806
1287,2,1,1,165812.11752859104
1595,2,2,0,223382.12304407085
2036,3,2,0,241542.16994506854
1641,3,2,0,201357.8064012264
2237,3,2,1,266602.0689613471
1479,3,2,1,189488.78398354372
2014,3,2,1,243915.7067581147
1978,2,2,0,262345.69579670765
1008,3,1,0,106113.0636936796
1404,3,2,0,177247.1882749211
796,2,1,0,111249.77439151697
1091,2,1,0,141260.88134198135
883,2,1,0,120100.50762775562
1287,3,1,1,139108.10285279283
1632,4,1,1,147501.8234241479
1604,3,2,1,202205.3547252659
1470,3,2,1,188573.1908901397
1604,3,2,1,202205.3547252659
1636,3,2,1,205460.79683514682
1384,3,2,0,175212.53695624555
1682,1,1,1,232700.49574823142
1280,2,2,0,191336.3647749309
1633,3,2,1,205155.59913734547
1709,3,2,1,212887.27414831254
1337,2,2,0,197135.12103315623
2500,5,3,1,270797.73292179976
1884,2,2,0,252782.83459893256
1474,3,1,0,153520.43941881997
1710,2,2,0,235081.36812645526
1488,3,2,1,190404.37707694774
1688,2,2,0,232843.25167591215
1260,3,2,0,162597.6987804571
2064,3,2,0,244390.68179121433
1782,3,2,0,215702.09819788905
1211,3,2,0,157612.80304970202
2044,3,2,1,246967.683736128
1308,3,1,1,141244.48673740216
2840,4,2,1,301242.7915436168
1444,2,2,0,208020.50558807043
2340,4,2,1,250376.50857672803
1792,4,2,2,199238.7157086072
936,2,1,0,125492.33362224583
864,3,1,0,91463.57419921564
987,2,1,1,135292.34774845777
987,2,1,1,135292.34774845777
1302,3,2,1,171482.1198132651
1456,4,2,1,160444.92029126862
1055,2,2,0,168446.53743983092
1582,3,2,0,195355.58501113352
2464,4,2,1,262991.34675251646
1950,2,2,0,259497.18395056188
2748,4,2,1,291883.39547770924
2790,4,2,1,296156.1632469279
2331,3,2,1,276164.9301591222
2088,4,2,1,224739.90196141604
2332,4,2,1,249562.64804925778
2470,1,1,1,312865.7577040482
1575,2,2,0,221347.4717253953
2649,4,2,1,281811.8714502653
2690,4,2,1,285982.9066535502
1866,2,2,0,250951.64841212457
1367,2,2,0,200187.09801116955
1800,2,2,0,244237.29906049525
1342,2,2,0,197643.7838628251
1342,2,2,0,197643.7838628251
1626,2,2,1,231147.48585160723
1455,2,2,0,209139.56381334199
1576,2,2,0,221449.20429132908
1246,2,2,0,187877.45753318246
1515,3,2,1,193151.1563571597
1720,3,2,1,214006.33237358413
1986,4,2,1,214363.18023617074
1358,2,2,0,199271.50491776556
1892,3,2,1,231504.33371419387
1414,3,2,1,182876.1671978482
2322,4,2,1,248545.32238992004
1651,3,2,1,206986.78532415346
2199,3,2,1,262736.23145586357
2172,4,2,1,233285.4374998534
2006,2,2,0,265194.2076428534
2125,4,2,1,228504.00690096585
2501,4,2,1,266755.45169206616
2197,4,2,1,235828.7516481978
1578,3,2,0,194948.6547473984
1861,3,3,0,254586.99937812303
1874,3,2,1,229673.14752738588
1460,3,2,0,182944.21196721264
1372,3,2,0,173991.7461650402
1660,3,2,0,203290.72515396817
1218,2,2,0,185028.94568703667
1696,3,2,1,211564.75079117346
1663,3,2,1,208207.57611535882
1175,3,1,0,123102.40220462045
1162,3,2,0,152627.90731894693
1609,3,2,1,202714.0175549348
1680,3,2,1,209937.02973623303
1657,3,2,1,207597.18071975614
1677,3,2,1,209631.8320384317
1737,3,2,1,215735.78599445833
984,3,1,0,103671.48211126894
864,3,1,0,91463.57419921564
890,3,1,0,94108.62091349385
864,3,1,0,91463.57419921564
1430,3,2,0,179892.23498919932
1641,4,2,0,174653.7917254282
2683,4,2,1,285270.7786920137
2786,4,2,1,295749.2329831928
1245,1,2,0,214479.7396430469
1200,2,2,1,187809.41276381796
1392,2,2,0,202730.412159514
1549,3,2,1,196610.06359890816
1638,2,2,0,227756.62337922328
1310,1,1,1,194855.98122086615
1419,2,1,1,179240.8162318497
1557,2,2,0,219516.28553858728
1404,3,2,1,181858.8415385104
1789,3,2,1,221025.8794230148
1586,3,2,1,200374.16853845792
1607,3,2,1,202510.55242306725
2393,2,2,1,309176.3639228146
1239,1,1,1,187632.96903956792
2944,3,2,2,343138.6463401172
1671,3,3,0,235257.8118507053
1812,3,2,1,223365.72843949168
1427,4,2,0,152883.02261559977
1740,4,1,1,158488.9405449959
1620,4,2,0,172517.40784081884
1625,4,2,0,173026.07067048774
1464,4,1,1,130410.75234727327
925,3,1,0,97669.26072117606
1728,6,2,0,130096.49561007041
1670,4,1,1,151367.66092963144
1014,2,1,0,133427.47376508047
1114,3,1,0,116896.71568266003
1118,3,1,0,117303.64594639515
906,2,1,0,122440.35664423251
1496,3,2,0,186606.58434082865
1337,3,1,0,139583.07788589245
1036,3,1,0,108961.57553982537
1988,4,2,1,214566.6453680383
1176,3,1,0,123204.13477055423
1440,2,2,0,207613.5753243353
1570,3,1,0,163286.7657484626
1104,3,1,0,115879.39002332225
882,2,1,0,119998.77506182184
1152,3,1,1,125374.20645173285
950,2,1,0,126916.58954531873
1790,3,2,0,216515.95872535926
1764,4,2,1,191778.5505988721
1824,5,2,0,166566.83661551127
869,1,1,0,145380.26638048096
1159,3,1,0,121474.68114968002
672,2,1,0,98634.93621572855
1436,3,1,0,149654.6019133364
1044,3,1,1,114387.08933088488
1312,3,1,1,141651.41700113728
1081,3,1,0,113539.54100684536
876,2,1,0,119388.37966621917
1256,3,1,1,135954.39330884576
1027,3,1,0,108045.98244642137
1320,3,2,0,168701.65273648378
984,2,1,0,130375.49678706715
1278,4,1,0,106876.84182000134
1800,6,2,0,137421.2403573024
1588,3,1,1,169729.60519885988
825,2,1,0,114200.01880359653
1117,3,1,0,117201.91338046137
1133,3,1,0,118829.6344354018
1323,3,1,0,138158.82196281955
1360,2,1,0,168626.94157816752
672,2,1,0,98634.93621572855
1456,4,1,1,129596.89181980306
1594,3,2,0,196576.37580233885
1656,2,2,0,229587.80956603127
1740,2,1,0,207285.316633003
1027,2,1,0,134749.9971222196
1436,3,2,0,180502.63038480197
899,2,1,0,121728.22868269606
1080,3,1,0,113437.80844091158
1499,3,1,0,156063.75356716441
407,1,1,0,98379.8209190757
1588,5,2,0,142557.95105513974
1627,4,2,0,173229.5358023553
1450,3,1,0,151078.8578364093
1017,2,1,0,133732.67146288182
2350,4,2,0,246782.18097247646
1540,3,1,1,164846.4420340386
1086,2,1,0,140752.21851231248
2495,5,2,0,234829.38835707604
984,2,1,0,130375.49678706715
1093,2,1,0,141464.3464738489
1143,2,1,0,146550.97477053778
1668,3,1,1,177868.21047356213
1738,3,2,0,211225.86529680283
1210,3,1,0,126663.04201230267
1290,3,1,1,139413.30055059417
1672,3,1,1,178275.14073729725
949,2,1,0,126814.85697938495
1497,3,2,0,186708.31690676243
1342,2,2,0,197643.7838628251
1013,3,1,0,106621.72652334848
1216,3,1,0,127273.43740790535
896,2,1,0,121423.03098489474
1136,2,1,0,145838.84680900135
808,1,1,0,139174.57985852053
2009,4,2,0,212091.37598905832
1902,4,2,0,201205.99143414412
1716,4,2,0,182283.7341704615
1984,5,2,0,182844.04716491565
1609,3,1,0,167254.33581987995
768,1,1,0,135105.2772211694
1536,4,1,1,137735.49709450523
1969,4,2,0,208022.07335170722
1308,2,2,0,194184.87662107666
1040,2,1,0,136072.5204793587
1236,3,2,0,160156.11719804647
759,1,1,0,134189.68412776542
1344,3,2,0,171143.23431889445
1054,3,1,0,110792.76172663335
1075,3,1,0,112929.14561124271
1096,3,1,0,115065.52949585204
992,3,1,0,104485.34263873915
1034,3,1,0,108758.1104079578
1073,3,1,0,112725.68047937515
1126,2,1,0,144821.52114966357
1140,3,1,0,119541.76239693825
960,3,1,0,101229.90052885828
1188,1,1,0,177832.954913356
1721,3,2,0,209496.4116759286
1350,2,1,1,172221.26918241903
904,3,1,0,95532.87683656673
1524,3,2,0,189455.0961869744
1079,2,1,0,140040.09055077602
1518,2,1,0,184700.6869957044
1509,3,1,0,157081.0792265022
864,2,1,0,118167.58887501385
1269,3,1,1,137276.91666598484
2814,4,2,1,298597.7448293386
1626,3,2,1,204443.471175809
2200,4,2,1,236133.94934599914
2037,3,2,1,246255.5557745916
1356,3,2,1,176975.67837368906
1615,3,2,0,198712.75968694818
2276,3,2,0,265957.98576917517
1766,3,2,1,218686.0304065379
1511,3,2,0,188132.57282983532
1643,2,2,0,228265.28620889215
990,3,1,0,104281.87750687159
1418,3,2,0,178671.444197994
1771,3,2,1,219194.6932362068
1652,3,2,1,207088.51789008724
1823,3,2,1,224484.7866647632
1174,3,1,0,123000.66963868667
1076,3,1,1,117642.53144076576
1558,2,2,0,219618.01810452106
2161,3,2,1,258870.39395038
1947,3,2,1,237099.6248405516
1786,3,2,0,216109.02846162414
2327,4,2,1,249053.98521958888
1764,3,2,1,218482.56527467034
848,1,1,0,143243.88249587163
1838,2,2,0,248103.13656597878
1445,3,2,0,181418.223478206
1564,3,2,0,193524.39882432553
1361,3,2,0,172872.68793976866
1092,3,1,0,114658.59923211692
1033,3,1,0,108656.37784202403
1127,3,1,1,122830.89230338843
1117,3,1,0,117201.91338046137
1398,3,1,1,150400.41767144215
3820,5,3,1,405084.71995438624
1152,2,2,0,178314.59633540735
1152,2,2,0,178314.59633540735
784,2,1,0,110028.98360031164
1053,2,1,1,142006.6971000871
1137,4,1,1,97144.203286928
930,2,1,0,124881.93822664316
1204,3,1,0,126052.64661670002
1292,3,1,1,139616.76568246173
1424,2,2,0,205985.85426939488
1920,4,2,2,212260.48414813072
1316,2,1,0,164150.70867708133
1264,3,1,0,132156.60057272666
1512,3,2,0,188234.30539576907
1603,4,1,0,139939.92574847906
1938,4,2,0,204868.36380776012
1374,3,1,0,143347.1828254422
1091,2,1,0,141260.88134198135
1873,4,1,1,172019.37181418831
2161,3,2,1,258870.39395038
1898,3,2,1,232114.72910979655
1032,2,1,0,135258.6599518885
919,2,1,0,123762.88000137161
1090,3,1,0,114455.13410024936
1200,4,1,0,98941.70167716668
1656,3,1,1,176647.41968235676
912,2,1,0,123050.75203983518
1955,4,2,0,206597.81742863436
733,2,1,0,104840.62273768899
1361,2,1,0,168728.6741441013
1049,2,1,0,136988.1135727627
864,3,1,1,96075.22746280493
1648,2,2,0,228773.94903856106
1646,2,2,0,228570.4839066935
2032,3,3,0,271983.268152799
1820,3,2,1,224179.58896696186
1872,4,2,2,207377.3209833094
1689,3,2,0,206240.96956604772
1501,2,2,0,213819.26184629573
1537,3,2,0,190777.61954411352
1780,3,2,1,220110.28632961077
1442,3,2,1,185724.67904399397
1612,3,2,1,203019.21525273615
1495,3,2,0,186504.85177489487
1256,3,2,0,162190.76851672202
1440,3,2,0,180909.5606485371
1675,3,2,0,204816.71364297482
1728,3,2,0,210208.53963746506
1964,3,2,1,238829.07846142587
1344,2,2,0,197847.24899469267
1092,2,1,0,141362.61390791513
1189,2,2,0,182078.70127495713
1200,3,1,0,125645.7163529649
1040,3,1,0,109368.50580356049
1475,4,2,0,157766.1857804211
988,2,1,0,130782.42705080227
988,1,1,0,157486.4417266005
1160,3,1,0,121576.4137156138
1092,3,2,1,150118.28096717177
816,2,1,0,113284.42571019252
845,3,1,0,89530.65544647386
889,3,1,0,94006.88834756007
1836,4,2,0,194491.64208251482
1587,3,2,0,195864.24784080242
1384,3,2,1,179824.19021983485
1694,3,2,1,211361.2856593059
1714,3,2,1,213395.93697798144
1553,3,2,1,197016.99386264328
2299,5,3,1,250349.48716911048
1187,3,2,0,155171.22146729135
1642,3,2,1,206071.19223074944
1128,3,1,0,118320.97160573292
1179,2,2,0,181061.37561561936
1321,1,1,0,191363.38618254842
2541,4,3,1,301672.78280088294
2338,4,2,1,250173.04344486046
1424,3,1,1,153045.46438572038
1612,2,2,0,225111.57666494505
2234,1,1,1,288856.8721436766
2042,3,2,0,242152.56534067122
1284,3,2,0,165039.28036286778
1479,3,2,1,189488.78398354372
1664,3,2,0,203697.65541770327
1930,4,2,1,208666.15654387922
1177,3,2,0,154153.89580795358
1353,2,2,0,198762.84208809666
1220,2,2,0,185232.41081890423
1324,3,2,0,169108.5830002189
1877,4,2,1,203274.33054938898
1422,3,1,0,148230.34599026354
914,3,1,0,96550.20249590451
914,2,1,0,123254.21717170272
1337,2,2,0,197135.12103315623
1337,2,2,0,197135.12103315623
1092,3,1,1,119270.25249570621
1218,4,1,1,105384.54112756396
1055,2,2,0,168446.53743983092
988,3,1,0,104078.41237500406
1816,3,2,0,219161.00543963746
1694,3,2,0,206749.63239571662
2122,2,2,1,281606.8385547609
2656,3,2,1,309228.01408759994
2550,4,2,1,271740.34742282133
2046,2,2,1,273875.1635437938
2552,3,2,0,294036.17396689777
2758,4,2,1,292900.72113704705
2290,2,2,1,298697.9096316355
2152,3,2,1,257954.80085697598
2100,3,2,1,252664.70742841958
1802,3,2,1,222348.40278015388
2956,5,2,1,286339.75451613683
2385,3,2,1,281658.48871954624
1818,3,2,1,223976.1238350943
1614,3,2,0,198611.0271210144
1721,3,2,0,209496.4116759286
1828,3,2,1,224993.4494944321
1302,1,1,1,194042.12069339593
1302,1,1,1,194042.12069339593
1362,2,2,0,199678.43518150065
1554,2,2,0,219211.08784078597
1577,2,2,0,221550.93685726283
1324,2,2,0,195812.59767601712
1405,2,2,0,204052.9355166531
1496,3,3,0,217454.61281229422
1536,3,2,1,195287.54024176902
1458,3,2,0,182740.74683534508
1495,3,2,1,191116.50503848415
1746,3,2,1,216651.37908786235
1326,3,2,0,169312.04813208646
1504,3,2,1,192032.09813188817
1456,3,2,1,187148.93496706683
1258,3,2,0,162394.23364858958
1589,2,2,0,222771.72764846816
1266,2,2,0,189912.108851858
1119,2,2,0,174957.42165959268
1374,3,2,1,178806.86456049705
1525,3,2,1,194168.4820164975
1394,3,2,1,180841.5158791726
1948,4,2,1,210497.3427306872
1995,4,2,1,215278.77332957476
1690,3,2,1,210954.35539557078
1644,3,2,1,206274.657362617
2551,4,2,1,271842.07998875505
3078,4,2,1,325455.1422358559
2582,4,2,1,274995.7895327022
2385,4,2,1,254954.47404374802
2202,4,2,1,236337.4144778667
2538,4,2,1,270519.55663161597
1369,3,2,0,173686.5484672389
1542,3,2,0,191286.28237378242
1534,3,2,0,190472.42184631218
1966,1,2,0,287828.9196813005
1528,3,3,2,229933.36144935366
1538,3,2,0,190879.3521100473
1506,3,2,0,187623.91000016642
1977,3,2,1,240151.60181856496
1830,3,2,1,225196.91462629967
1338,3,2,0,170532.8389232918
1335,3,2,0,170227.64122549046
1792,3,2,1,221331.07712081613
1588,3,3,0,226814.0088782017
1880,3,2,1,230283.54292298856
1584,2,2,0,222263.0648187993
1685,2,2,0,232538.0539781108
2443,4,2,1,260854.9628679071
1100,3,1,1,120084.11302317643
1143,3,1,1,124458.61335832886
1094,3,1,0,114862.06436398448
1486,3,2,0,185589.25868149087
1820,3,2,1,224179.58896696186
1266,2,1,1,163675.73364398172
894,2,1,0,121219.56585302718
1040,3,1,1,113980.15906714978
2503,3,2,1,293662.93149973196
1037,2,1,0,135767.32278155736
1055,2,1,0,137598.50896836535
1378,2,2,0,201306.1562364411
1151,2,2,0,178212.8637694736
1565,2,2,0,220330.14606605752
1352,2,2,0,198661.10952216288
1550,2,2,1,223415.81084064013
1501,3,2,1,191726.90043408683
1573,3,2,1,199051.64518131883
1358,3,2,0,172567.49024196735
2048,3,2,1,247374.61399986313
2362,3,2,1,279318.63970306935
1494,1,1,1,213574.77335268122
2362,3,2,1,279318.63970306935
2497,2,2,0,315144.8975163383
1152,3,1,1,125374.20645173285
2411,4,2,1,257599.52075802625
1082,3,1,0,113641.27357277914
1295,3,1,1,139921.96338026307
1610,3,2,0,198204.09685727928
1594,2,2,0,223280.39047813707
2075,3,2,1,250121.39328007514
1093,3,2,0,145608.36026951627
1052,3,1,0,110589.29659476582
1107,3,1,0,116184.5877211236
1224,2,2,0,185639.34108263935
1074,2,1,0,139531.42772110715
1187,2,1,0,151027.207671624
964,3,1,0,101636.83079259339
894,3,1,0,94515.55117722896
1200,3,2,0,156493.74482443047
1042,3,2,0,140419.99940689362
2154,5,2,1,204750.23663724712
1374,3,1,0,143347.1828254422
1652,3,1,1,176240.4894186217
908,2,1,0,122643.82177610006
666,2,1,0,98024.54082012588
670,2,1,0,98431.47108386099
808,2,1,0,112470.5651827223
1150,2,1,0,147263.10273207424
1560,4,2,0,166413.4538847922
1280,3,2,0,164632.3500991327
1254,3,1,0,131139.2749133889
936,2,1,0,125492.33362224583
1008,3,1,0,106113.0636936796
1053,3,1,0,110691.0291606996
1144,3,1,0,119948.69266067335
1721,4,1,0,151944.3685286648
922,2,1,0,124068.07769917295
1411,3,1,0,147111.28776499198
1216,3,1,0,127273.43740790535
1154,3,1,1,125577.67158360042
1560,4,2,0,166413.4538847922
948,2,1,0,126713.12441345117
1040,3,1,0,109368.50580356049
925,3,1,0,97669.26072117606
1540,4,1,0,133530.77409465107
925,3,1,0,97669.26072117606
1647,3,1,0,171120.1733253635
924,2,1,0,124271.5428310405
1544,3,2,0,191489.74750564998
1728,3,1,0,179360.5111659995
3086,4,3,1,357117.03123479174
1281,1,2,0,218142.1120166629
1534,3,1,1,164236.04663843592
1651,4,2,0,175671.11738476597
888,3,1,0,93905.1557816263
952,3,1,0,100416.04000138806
1238,3,1,1,134123.20712203777
1040,3,1,0,109368.50580356049
1170,3,1,0,122593.73937495158
1242,3,1,1,134530.13738577283
1377,3,1,0,143652.38052324354
925,3,1,0,97669.26072117606
864,2,1,0,118167.58887501385
936,3,1,0,98788.31894644762
960,2,1,0,127933.9152046565
1296,3,1,0,135412.04268260754
1022,2,1,0,134241.3342925507
967,2,1,0,128646.04316619295
1072,2,1,0,139327.96258923959
1174,2,1,0,149704.68431448488
1141,3,1,0,119643.494962872
1798,4,2,1,195237.45784062057
1772,3,2,1,219296.42580214053
1642,4,1,1,148519.14908348565
1232,3,1,0,128901.15846284578
1650,3,2,0,202273.3994946304
1358,3,1,1,146331.11503409105
2454,3,2,0,284066.3825053876
968,2,1,0,128747.77573212671
1382,1,2,0,228417.1011759744
1060,1,1,0,164811.18647383247
1435,3,1,0,149552.86934740265
1274,3,2,0,164021.95470353
1232,3,1,1,133512.8117264351
884,2,1,0,120202.2401936894
1409,3,1,1,151519.47589671373
1322,4,1,0,111353.07472108756
1426,3,1,0,148637.27625399863
1281,2,1,0,160590.0688693991
2264,4,2,1,242644.8335657609
1376,3,1,0,143550.64795730976
1316,4,1,0,110742.6793254849
1344,3,1,1,144906.8591110182
1173,3,2,0,153746.96554421846
1214,2,1,0,153773.986951836
2294,5,3,0,245229.1710758523
1952,4,1,1,180056.24452295672
2180,3,1,1,229955.28423165626
1315,3,2,0,168192.9899068149
1484,3,2,0,185385.7935496233
2267,3,1,1,238806.0174678949
1282,2,1,0,160691.80143533286
999,3,1,0,105197.47060027561
1452,2,1,0,177986.33764407507
1005,3,1,0,105807.86599587827
1020,3,2,0,138181.8829563505
1040,3,1,0,109368.50580356049
868,2,1,0,118574.51913874896
897,3,1,0,94820.74887503029
943,2,1,0,126204.46158378228
912,3,1,0,96346.73736403696
1375,3,1,0,143448.91539137598
2654,4,3,0,308556.90948781045
1302,2,1,1,167338.10601759772
1299,3,1,0,135717.24038040888
1176,3,1,0,123204.13477055423
998,3,1,0,105095.73803434183
1522,3,2,0,189251.63105510687
1325,3,2,0,169210.31556615268
1630,3,2,0,200238.74817595485
1242,2,1,0,156622.49879798177
2422,4,3,0,284954.954191174
1626,3,1,1,173595.44270434347
864,3,1,0,91463.57419921564
943,3,1,0,99500.44690798406
1038,2,2,0,166717.08381895671
1342,4,1,0,113387.7260397631
1480,4,1,0,127426.8201386244
1362,4,2,0,146270.40582990422
1822,4,2,0,193067.38615944193
1958,3,2,1,238218.6830658232
1651,3,2,0,202375.13206056418
2140,3,2,1,256734.01006577068
1651,3,2,0,202375.13206056418
1546,3,2,0,191693.2126375175
1500,3,2,0,187013.51460456377
1270,2,2,0,190319.03911559313
1795,3,2,1,221636.2748186174
1873,3,2,1,229571.4149614521
1743,0,0,1,234762.1684745245
1022,3,1,0,107537.31961675247
1308,3,2,1,172092.51520886773
990,3,1,0,104281.87750687159
1097,3,1,1,119778.91532537511
1873,3,2,1,229571.4149614521
1753,3,2,1,217363.50704939876
1690,3,2,1,210954.35539557078
1842,3,2,1,226417.70541750497
894,3,1,0,94515.55117722896
1025,3,2,0,138690.5457860194
1009,3,2,0,137062.82473107896
1040,3,1,1,113980.15906714978
907,3,1,0,95838.07453436808
879,3,1,0,92989.5626882223
864,3,1,0,91463.57419921564
875,3,1,0,92582.6324244872
1673,3,2,0,204613.2485111073
1932,3,2,1,235573.63635154496
1729,3,2,1,214921.9254669881
1592,3,2,0,196372.9106704713
2439,4,2,1,260448.03260417198
1992,3,2,1,241677.5903075716
1341,1,1,1,198009.69076481325
1476,3,2,1,189183.58628574238
1190,2,2,0,182180.4338408909
1330,3,2,0,169718.97839582156
1491,3,2,1,190709.57477474902
1536,3,2,1,195287.54024176902
936,2,1,0,125492.33362224583
1088,2,1,0,140955.68364418
1351,3,1,0,141007.3338089653
1179,2,1,0,150213.34714415378
1044,3,1,0,109775.43606729558
2233,5,2,1,212787.10934601558
1408,3,2,1,182265.77180224552
5095,2,2,1,584057.7570758817
1072,2,1,0,139327.96258923959
960,2,1,0,127933.9152046565
1152,2,2,0,178314.59633540735
1195,4,2,0,129281.06731896335
865,2,1,0,118269.32144094762
768,2,1,0,108401.2625453712
864,3,1,0,91463.57419921564
2592,6,2,0,217993.43257685422
1422,3,1,0,148230.34599026354
1298,2,2,0,193167.5509617389
1098,2,1,0,141973.00930351779
1436,3,1,0,149654.6019133364
1461,3,1,0,152197.91606168085
1718,4,2,1,187098.85256591832
1226,2,1,1,159606.43100663062
1755,4,2,0,186251.30424187882
1355,3,2,0,172262.292544166
1560,3,1,1,166881.09335271415
1488,3,2,0,185792.72381335843
1045,2,1,0,136581.18330902758
1680,4,2,0,178621.3617968455
1020,1,1,0,160741.88383648137
1696,3,2,0,206953.09752758415
2726,2,2,1,343053.30837876257
1215,3,1,0,127171.70484197157
1601,3,2,0,197288.50376387528
1828,3,2,0,220381.7962308428
816,2,1,0,113284.42571019252
845,1,1,0,142938.6847980703
1991,4,2,0,210260.18980225033
1073,3,1,0,112725.68047937515
1001,2,1,0,132104.95040794136
1625,2,2,0,226434.10002208417
1299,2,2,0,193269.28352767267
1392,3,2,0,176026.3974837158
1409,1,1,1,204927.50524831013
1478,3,2,0,184775.39815402066
918,3,1,0,96957.13275963963
1026,2,1,0,134648.2645562858
1501,2,2,0,213819.26184629573
2279,4,2,1,244170.8220547676
1689,3,2,0,206240.96956604772
1564,2,2,0,220228.41350012374
1240,3,2,0,160563.04746178156
1312,2,2,0,194591.80688481178
1922,2,2,0,256648.67210441612
1491,3,2,0,186097.92151115974
2486,5,3,1,269373.47699872684
1824,3,2,0,219974.8659671077
2034,2,1,0,237194.69101753362
936,0,0,1,152663.98776596598
1092,3,1,1,119270.25249570621
992,2,1,0,131189.35731453737
1092,3,1,1,119270.25249570621
1092,3,1,1,119270.25249570621
1008,1,1,0,159521.09304527604
1356,3,2,0,172364.02511009978
1676,3,1,1,178682.0710010323
1432,3,1,1,153859.32491319062
796,2,1,0,111249.77439151697
1608,3,1,0,167152.60325394617
1178,3,1,1,128019.25316601108
816,2,1,0,113284.42571019252
887,3,1,0,93803.42321569251
1293,2,2,0,192658.88813207002
1024,2,1,0,134444.79942441825
1797,3,1,1,190991.7114790194
1390,1,1,1,202994.58649556836
1851,3,2,0,222721.64524731968
1525,3,2,1,194168.4820164975
1671,3,2,1,209021.436642829
1776,3,2,1,219703.35606587565
2064,4,2,1,222298.32037900542
2212,3,2,1,264058.75481300266
2687,4,2,1,285677.7089557488
1169,3,2,0,153340.03528048337
1204,2,2,0,183604.6897639638
2798,3,3,1,354522.06692166196
3390,5,3,1,361339.7166028619
2473,4,2,1,263906.9398459204
2698,4,2,1,286796.76718102046
2795,4,3,1,327512.85454806243
1714,2,2,0,235488.29839019038
2000,3,2,1,242491.4508350418
1102,2,1,0,142379.9395672529
1857,4,2,1,201239.67923071343
1083,2,1,0,140447.02081451114
2318,3,2,1,274842.40680198313
1875,3,3,0,256011.2553011959
1103,3,2,0,146625.68592885404
874,3,1,0,92480.89985855341
1419,2,2,0,205477.19143972598
1092,3,1,1,119270.25249570621
1365,3,1,1,147043.24299562752
1030,3,1,1,112962.83340781201
948,2,1,1,131324.77767704046
1092,3,1,1,119270.25249570621
1069,2,2,0,169870.79336290382
1387,3,1,0,144669.7061825813
1055,2,2,0,168446.53743983092
1456,3,2,1,187148.93496706683
2589,4,2,1,275707.9174942387
1618,2,2,0,225721.97206054773
1740,4,2,0,184725.31575287215
1868,2,2,0,251155.11354399213
2206,4,2,1,236744.34474160182
2091,3,2,1,251749.11433501556
2253,3,2,1,268229.7900162876
2389,4,2,1,255361.40430748314
2358,4,2,1,252207.694763536
1792,2,2,0,243423.43853302504
1780,2,2,0,242202.6477418197
1914,3,2,1,233742.45016473698
1565,2,2,0,220330.14606605752
1686,1,2,0,259343.8012198428
1666,2,2,0,230605.13522536904
1456,3,2,1,187148.93496706683
1492,3,2,1,190811.3073406828
1326,3,2,0,169312.04813208646
2373,4,2,1,253733.68325254266
1492,3,2,1,190811.3073406828
1364,2,2,0,199881.9003133682
1511,2,2,0,214836.58750563354
1548,2,2,0,218600.6924451833
1142,2,2,0,177297.27067606957
1598,3,2,1,201594.95932966328
1889,3,2,1,231199.13601639253
2322,4,3,1,279393.3508613856
1976,3,2,1,240049.86925263118
2234,3,2,1,266296.8712635458
2855,4,2,1,302768.78003262344
2726,4,2,1,289645.2790271662
3500,4,3,1,399234.3135313756
2494,4,2,1,266043.32373052975
2799,3,2,1,323775.7710161301
1964,3,2,1,238829.07846142587
1670,2,2,1,235623.71875269344
1504,3,2,0,187420.44486829886
1278,2,2,0,191132.89964306334
2640,3,3,1,338448.321504125
1716,3,2,1,213599.402109849
1142,3,1,1,124356.88079239508
1400,3,2,0,176840.258011186
1131,3,1,1,123237.82256712353
1686,3,2,1,210547.42513183565
1585,3,2,1,200272.43597252414
1837,3,2,1,225909.04258783607
1731,3,2,1,215125.39059885565
1398,2,2,0,203340.80755511665
1217,2,2,0,184927.2131211029
1320,3,2,1,173313.3060000731
988,3,1,0,104078.41237500406
1654,4,2,0,175976.31508256728
1211,2,1,0,153468.78925403467
984,3,1,0,103671.48211126894
909,3,1,0,96041.53966623562
925,2,1,0,124373.27539697428
1024,3,1,1,112352.43801220933
912,3,1,0,96346.73736403696
941,3,1,0,99296.9817761165
2646,3,2,0,303599.0351646729
2826,3,2,1,326522.5502963421
1143,1,1,1,177866.64270992528
1223,2,2,1,190149.26178029485
1524,2,2,1,220770.7641263619
1080,2,2,1,175601.50485176465
1694,3,2,1,211361.2856593059
1568,3,2,0,193931.32908806062
1193,2,2,0,182485.63153869225
1334,3,2,0,170125.90865955668
1051,3,1,0,110487.56402883204
1770,4,1,1,161540.91752300924
976,2,1,0,129561.63625959694
898,3,1,0,94922.48144096407
1051,3,1,0,110487.56402883204
1141,3,1,0,119643.494962872
1565,3,2,0,193626.1313902593
1488,3,1,1,159556.34860548214
1440,4,1,1,127969.1707648626
1248,3,1,0,130528.87951778623
816,2,1,0,113284.42571019252
1043,2,1,0,136377.71817716002
1433,3,1,0,149349.4042155351
1624,2,1,0,195484.33898468481
1216,3,1,0,127273.43740790535
1728,3,1,1,183972.1644295888
936,2,1,0,125492.33362224583
1584,4,2,0,168855.03546720286
1246,3,1,0,130325.41438591867
1008,2,1,0,132817.07836947782
1364,3,1,1,146941.51042969374
1336,3,1,1,144092.99858354795
1370,3,1,0,142940.2525617071
1124,3,1,0,117914.0413419978
1050,3,1,0,110385.83146289826
1008,2,1,0,132817.07836947782
1575,2,1,1,195111.096517519
1145,3,1,0,120050.42522660713
1005,2,1,0,132511.88067167648
1056,3,1,1,115607.88012209021
884,2,1,0,120202.2401936894
2039,3,1,1,215610.9924349936
1384,2,1,0,171068.5231605782
2640,5,2,1,254192.26368106305
1312,3,1,1,141651.41700113728
713,2,1,0,102805.97141901343
715,2,1,0,103009.43655088099
720,1,1,0,130222.11405634809
1595,3,2,0,196678.10836827263
1760,4,1,1,160523.59186367143
1146,3,1,0,120152.15779254091
1207,3,1,1,130969.49757809062
1773,3,2,0,214786.50510448503
1472,2,2,0,210869.0174342162
2448,3,3,0,314304.0155812505
1521,3,1,1,162913.52328129683
1040,2,2,0,166920.54895082428
1556,4,2,0,166006.52362105707
1150,3,1,0,120559.08805627603
1045,3,1,0,109877.16863322936
864,3,1,0,91463.57419921564
1025,3,1,0,107842.51731455381
2014,5,2,0,185896.024142929
1668,3,1,0,173256.55720997282
1657,4,1,0,145433.48430890305
1416,3,1,0,147619.95059466086
1428,4,1,0,122136.72671006797
1004,2,1,0,132410.1481057427
1951,4,2,0,206190.88716489924
1032,2,1,0,135258.6599518885
844,2,1,0,116132.9375563383
864,2,1,0,118167.58887501385
1376,2,1,0,170254.66263310798
960,3,1,0,101229.90052885828
1566,5,1,1,114083.45939672035
492,1,1,0,107027.0890234468
1182,3,1,1,128426.1834297462
840,2,1,0,115726.00729260319
2104,5,2,0,195051.955076969
1248,2,2,0,188080.92266505002
960,3,1,0,101229.90052885828
1020,2,1,0,134037.86916068316
1827,2,1,0,216136.04986924166
1162,3,1,0,121779.87884748136
1324,3,1,0,138260.55452875333
816,2,1,0,113284.42571019252
2486,5,2,0,233913.79526367201
1430,3,2,0,179892.23498919932
1330,3,1,0,138870.94992435598
819,2,1,0,113589.62340799386
984,3,1,0,103671.48211126894
1422,3,1,0,148230.34599026354
1921,4,2,0,203138.9101868859
1640,3,1,0,170408.04536382706
1032,2,1,0,135258.6599518885
879,2,1,0,119693.57736402052
1073,2,2,0,170277.72362663894
1064,3,1,0,111810.08738597116
934,2,1,0,125288.86849037829
1059,3,1,0,111301.42455630226
1458,3,1,1,156504.3716274688
1040,3,1,0,109368.50580356049
1967,6,2,0,154410.57886824323
1949,6,2,0,152579.39268143525
872,2,1,0,118981.44940248407
1830,2,1,0,216441.247567043
1000,1,1,0,158707.2325178058
810,2,1,0,112674.03031458985
1700,2,2,1,238675.69573070676
1350,3,1,1,145517.2545066208
1150,3,1,0,120559.08805627603
2009,4,2,0,212091.37598905832
3672,5,3,1,390028.3001961871
1560,3,2,0,193117.4685605904
1488,3,1,0,154944.69534189286
1057,3,1,0,111097.9594244347
1609,5,1,1,118457.95973187282
2559,4,2,1,272655.9405162253
1440,2,2,0,207613.5753243353
1876,3,2,1,229876.61265925344
1208,2,2,0,184011.6200276989
1846,3,2,0,222212.9824176508
1590,2,2,1,227485.11347799122
1809,3,2,1,223060.53074169034
1614,3,2,0,198611.0271210144
1596,3,2,1,201391.49419779572
1388,3,2,0,175619.46721998067
1100,3,1,1,120084.11302317643
1499,3,2,1,191523.43530221927
1425,3,2,0,179383.57215953042
1749,3,2,1,216956.5767856637
1779,3,2,1,220008.553763677
1388,3,1,1,149383.0920121044
1282,3,2,0,164835.81523100022
864,3,1,0,91463.57419921564
1762,3,2,1,218279.10014280278
1755,3,2,1,217566.97218126632
1358,1,1,1,199739.14438568748
1909,4,2,1,206529.7726592699
2214,3,2,1,264262.2199448702
2049,4,2,1,220772.33188999872
1939,3,2,1,236285.76431308142
1995,4,2,1,215278.77332957476
848,1,1,0,143243.88249587163
1390,3,2,0,175822.93235184823
1737,3,2,1,215735.78599445833
1611,3,2,1,202917.48268680237
1336,3,2,0,170329.37379142424
1436,3,2,0,180502.63038480197
1012,4,2,0,110664.00775308206
1176,2,1,0,149908.14944635244
1724,3,2,1,214413.26263731925
914,2,1,0,123254.21717170272
2314,3,2,1,274435.476538248
1072,2,1,0,139327.96258923959
1709,3,2,0,208275.62088472326
936,3,1,0,98788.31894644762
1338,3,2,0,170532.8389232918
1669,4,1,1,151265.92836369766
1482,3,2,0,185182.32841775575
1414,3,1,0,147416.48546279332
498,1,1,0,107637.48441904946
1273,3,1,0,133072.19366613065
1551,3,2,0,192201.87546718642
1340,3,1,0,139888.27558369376
1479,3,1,0,154029.10224848887
1510,3,1,0,157182.81179243597
1636,4,1,1,147908.75368788303
1465,3,2,0,183452.87479688154
1288,4,1,0,107894.16747933911
1550,3,1,1,165863.76769337634
1717,2,1,1,209557.12088011543
1671,4,2,0,177705.7687034415
1609,3,1,1,171865.98908346926
1801,3,1,1,191398.64174275452
2315,4,2,0,243221.54116479427
976,2,1,0,129561.63625959694
1285,3,1,0,134292.984457336
672,2,1,0,98634.93621572855
641,2,1,0,95481.22667178143
1638,4,2,0,174348.59402762685
729,2,1,0,104433.69247395387
1396,4,2,0,149729.31307165266
936,2,1,0,125492.33362224583
1778,2,2,0,241999.18260995214
1646,2,2,0,228570.4839066935
1625,3,2,0,199730.08534628595
1664,4,2,0,176993.64074190505
1491,3,2,0,186097.92151115974
1210,3,2,0,157511.07048376824
1650,2,1,0,198129.38569896304
1403,2,2,0,203849.47038478556
1960,3,2,0,233810.49493410144
1838,3,2,0,221399.12189018057
1600,3,1,1,170950.39599006524
1368,2,2,0,200288.83057710333
1304,3,1,1,140837.5564736671
874,3,1,0,92480.89985855341
1652,4,2,0,175772.84995069975
630,1,1,0,121066.1831223081
1092,3,1,1,119270.25249570621
1360,3,1,0,141922.9269023693
1092,3,1,1,119270.25249570621
1092,3,1,1,119270.25249570621
1092,3,1,1,119270.25249570621
1092,3,1,1,119270.25249570621
1224,4,1,0,101383.28325957735
970,3,1,0,102247.22618819606
2000,3,2,1,242491.4508350418
